{
  "timestamp": 1756770768.200109,
  "tests": {
    "health": {
      "total_requests": 100,
      "successful_requests": 100,
      "failed_requests": 0,
      "success_rate": 100.0,
      "response_times": {
        "min_ms": 0.37407875061035156,
        "max_ms": 6.105184555053711,
        "mean_ms": 1.955857276916504,
        "median_ms": 1.418471336364746,
        "p95_ms": 5.4724931716918945,
        "p99_ms": 6.105184555053711
      },
      "throughput_rps": 11475.837916222057
    },
    "/api/metrics": {
      "total_requests": 50,
      "successful_requests": 50,
      "failed_requests": 0,
      "success_rate": 100.0,
      "response_times": {
        "min_ms": 101.00412368774414,
        "max_ms": 1041.8498516082764,
        "mean_ms": 912.4193334579468,
        "median_ms": 1036.3918542861938,
        "p95_ms": 1041.830313205719,
        "p99_ms": 1041.8498516082764
      },
      "throughput_rps": 9.831236576787456
    },
    "/agents": {
      "total_requests": 50,
      "successful_requests": 50,
      "failed_requests": 0,
      "success_rate": 100.0,
      "response_times": {
        "min_ms": 0.25391578674316406,
        "max_ms": 3.091096878051758,
        "mean_ms": 1.5548372268676758,
        "median_ms": 1.4570951461791992,
        "p95_ms": 2.791619300842285,
        "p99_ms": 3.091096878051758
      },
      "throughput_rps": 6496.753407682776
    },
    "/workflows": {
      "total_requests": 50,
      "successful_requests": 50,
      "failed_requests": 0,
      "success_rate": 100.0,
      "response_times": {
        "min_ms": 0.225067138671875,
        "max_ms": 2.151012420654297,
        "mean_ms": 0.9119415283203125,
        "median_ms": 0.7585287094116211,
        "p95_ms": 2.099752426147461,
        "p99_ms": 2.151012420654297
      },
      "throughput_rps": 10252.014078998827
    },
    "connection_pooling": {
      "passed": true
    }
  },
  "architecture_score": 80,
  "max_score": 100
}
